Edition_ID	Edition_Title	Edition_Author	Edition_Location	Language	Edition_Publisher	Edition_Date	Author_VIAF	Author_WikiData_AF	Title_USTC	Title_OCLC	Entered
JV1545	Reportorio de todos los caminos de España, hasta agora nunca visto en el que allaran qualquier viaje que quiera andar muy provechoso par todos los camintanes	Pedro Juan Villuga	Medina del Campo	Spanish	Pedro de Castro;Juan de Espinosa	1545		Q16585233	USTC 340679		TRUE
JV1546A	Reportorio de todos los caminos de España	Pedro Juan Villuga	Medina del Campo	Spanish	Pedro de Castro;Juan de Espinosa	1546		Q16585233	USTC 346876		FALSE
JV1546B	Reportorio de todos los caminos de España	Pedro Juan Villuga	Valencia	Spanish		1546		Q16585233	USTC 346874		FALSE
SAA1550	Poste diverse d'Italia, Alemagna, Spagna, e Francia	Anonymous A	Milan	Italian		1550				642943450	TRUE
CE1552A	La guide des chemins de France	Charles Estienne	Paris	French	Charles Estienne	1552	VIAF116409342	Q538586	USTC 52283		TRUE
CE1552B	La guide des chemins pour aller et venir par tous les pays et contrées du royaume de France	Charles Estienne	Paris	French	Simon Calvarin	1552	VIAF116409342	Q538586	USTC 55994		FALSE
CE1552C	Les voyages de plusieurs endroits de France	Charles Estienne	Paris	French	Charles Estienne	1552	VIAF116409342	Q538586	USTC 30750		FALSE
CE1552D	Les voyages de plusieurs endroits de France	Charles Estienne	Paris	French	Charles Estienne	1552	VIAF116409342	Q538586	USTC 10244		FALSE
CE1553A	La guide des chemins de France	Charles Estienne	Paris	French	Charles Estienne	1553	VIAF116409342	Q538586	USTC 41018		TRUE
CE1553B	La guide des chemins de France	Charles Estienne	Rouen	French	Martin Le Mégissier	1553	VIAF116409342	Q538586	USTC 53298		FALSE
CE1553C	Les voyages de plusieurs endroits de France	Charles Estienne	Paris	French	Charles Estienne	1553	VIAF116409342	Q538586			FALSE
CE1553D	Les voyages de plusieurs endroits de France	Charles Estienne	Rouen	French	Martin Le Mégissier	1553	VIAF116409342	Q538586	USTC 10211		FALSE
CE1553E	La guide des chemins de France	Charles Estienne	Paris	French	Charles Estienne	1553	VIAF116409342	Q538586			FALSE
CE1554	La guide des chemins de France	Charles Estienne	Paris	French	François Regnault	1554	VIAF116409342	Q538586	USTC 95129		FALSE
CE1555A	La guide et vray enseignement des chemins du royaume de France	Charles Estienne	Paris	French	Widow of Nicolas Buffet	1555	VIAF116409342	Q538586		492077985	FALSE
CE1555B	La guide et vray enseignement des chemins du royaume de France reveve, corrigee et reaugmentee	Charles Estienne	Paris	French	Nicolas Buffet	1555	VIAF116409342	Q538586	USTC 29851		FALSE
CE1556A	La guide des chemins de France	Charles Estienne	Paris	French	Charles Estienne	1556	VIAF116409342	Q538586			FALSE
CE1556B	La guide des chemins de France	Charles Estienne	Paris	French	Jean Ruelle	1556	VIAF116409342	Q538586	USTC 30059	634803373	FALSE
CE1556C	La guide des chemins de France	Charles Estienne	Lyon	French	Benoît Rigaud	1556	VIAF116409342	Q538586			FALSE
CE1558A	La guide des chemins pour aller et venir par tout le royaume de France	Charles Estienne	Lyon	French	Benoît Rigaud;Jean Saugrain	1558	VIAF116409342	Q538586	USTC 41564		FALSE
CE1558B	La guide des chemins de France	Charles Estienne	Paris	French	Barbe Regnault	1558	VIAF116409342	Q538586	USTC 30273		FALSE
CE1560	La guide des chemins de France reueue & augmentée pour la troisiesme fois	Charles Estienne	Paris	French	Etienne Groulleau;Esitenne Grouleau	1560	VIAF116409342	Q538586	USTC 37767		TRUE
CE1561	La guide des chemins de Francele tout reueuz & augmentez pour la quatrieme fois	Charles Estienne	Blois	French	Julien L'Angelier	1561	VIAF116409342	Q538586	USTC 83660		FALSE
SAB1562	Le Poste, Necessarie A Corrieri & Viandanti, Per L'Italia Francia, Spagna, & Alemagna Con le Fiere che si fanno per il Mondo	Anonymous B	Brescia	Italian	Damiano Turlino;Ioanne Battista Bozola	1562					TRUE
SAB1563A	Le Poste, Necessarie A Corrieri & Viandanti, Per L'Italia Francia, Spagna, & Alemagna Con le Fiere che si fanno per il Mondo	Anonymous B	Venice	Italian	Domenico Nicolini	1563					FALSE
SAB1563B	Le Poste, Necessarie A Corrieri & Viandanti, Per L'Italia Francia, Spagna, & Alemagna Con le Fiere che si fanno per il Mondo	Anonymous B	Bologna	Italian	Pellegrino Bonardo	1563				837646408	FALSE
GH1563	Itinerario delle poste per diverse parti del mondo	Giovanni da l'Herba	Rome	Italian	Valerico Dorico	1563	VIAF47104053		USTC 838111		TRUE
JG1563	Ein neuwes nützliches raißbuechlin der fürnemesten land unnd stett	Jörg Gail	Augsburg	German	Valentin Otmar	1563		Q11731888	USTC 644828		TRUE
GH1564A	Itinerario delle poste per diverse parti del mondo	Giovanni da l'Herba	Venice	Italian		1564	VIAF47104053		USTC 838112		TRUE
GH1564B	Poste per diverse parti del mondo	Giovanni da l'Herba	Venice	Italian	Domenico Farri	1564	VIAF47104053		USTC 838113		TRUE
GH1565	Poste per diverse parti del mondo	Giovanni da l'Herba	Rome	Italian	Cavalcupo	1565	VIAF47104053				FALSE
CE1565A	La guide des chemins pour aller et venir par tout le royaume de France	Charles Estienne	Lyon	French	Benoît Rigaud	1565	VIAF116409342	Q538586	USTC 83830		FALSE
CE1565B	La guide des chemins France reueue & augmentée pour la quatriesme fois	Charles Estienne	Paris	French	Thibault Bessault	1565	VIAF116409342	Q538586	USTC 38384		TRUE
CE1566A	La guide des chemins pour aller et venir par tout le royaume de France revevë & corrigee outre les precedentes impressions	Charles Estienne	Lyon	French	Benoît Rigaud	1566	VIAF116409342	Q538586	USTC 60680		TRUE
CE1566B	La guide des chemins pour aller et venir par tout le royaume de France & autres païs circonuoisins	Charles Estienne	Lyon	French	Benoît Rigaud	1566	VIAF116409342	Q538586			FALSE
GH1568	Poste per diverse parti del mondo & il viaggio di San Iacomo di Galitia	Giovanni da l'Herba	Venice	Italian	Andrea Muschio	1568	VIAF47104053		USTC 764495		FALSE
AM1568	Memorial õ abecedario los mas principales caminos España	Alonso de Meneses	Toledo	Spanish	Juan de Ayala Cano	1568	VIAF49565855		USTC 346346		TRUE
CE1570A	La guide des chemins our aller et venir par touse le pays et contrees du royaume de France	Charles Estienne	Lyon	French	Benoît Rigaud	1570	VIAF116409342	Q538586			FALSE
CE1570B	La guide des chemins our aller et venir par touse le pays et contrees du royaume de Francereveu et augmentee nouveau [pour la troisime fois]	Charles Estienne	Lyon	French	Benoît Rigaud	1570	VIAF116409342	Q538586			FALSE
CE1570C	La guide des chemins our aller et venir par touse le pays et contrees du royaume de Francereveu et augmentee nouveau [pour la troisime fois]	Charles Estienne	Paris	French	Simon Calverin	1570	VIAF116409342	Q538586			FALSE
CE1570D	La guide des chemins de France	Charles Estienne	Paris	French	Antoine Houic	1570	VIAF116409342	Q538586	USTC 65710		FALSE
GH1572	Poste per diverse parti del mondo & il viaggio di San Iacomo di Galitia	Giovanni da l'Herba	Lyon	Italian	Benoît Rigaud	1572	VIAF47104053		USTC 141001		FALSE
CE1572	La guide des chemins France pour aller et venir revevë, augmentee et corrigee outre les precedentes impressions	Charles Estienne	Lyon	French	Benoît Rigaud	1572	VIAF116409342	Q538586	USTC 27962		FALSE
GMA1573	Wegbüchlin der fürnemesten Wege und Gebreüchlichesten strasssen	Georg Mayr	Augsburg	German	Philipp Ulhart	1573	32051795		USTC 2212391		FALSE
AP1575	Le cose maravigliose dell'alma città di Romacon le poste d'Italia	Andrea Palladio	Venice	Italian	Girolamo Franzini;Girolamo Francini	1575	VIAF17227673	Q177692	USTC 805169		FALSE
GH1576A	Poste per diverse parti del mondo	Giovanni da l'Herba	Venice	Italian	Domenico Farri	1576	VIAF47104053				FALSE
GH1576B	Poste per diverse parti del mondo	Giovanni da l'Herba	Venice	Italian	V. Viani	1576	VIAF47104053		504585250		FALSE
AM1576	Reportorio de caminos	Alonso de Meneses	Alcalá de Henares	Spanish	Sebastián Martínez	1576	VIAF49565855		USTC 339979		FALSE
GMA1576	Wegbüchlin der fürnemesten Wege und Gebreüchlichesten strasssen	Georg Mayr		German		1576	32051795				FALSE
RV1576	The Post of the World	Richard Verstegan	London	English	Thomas East	1576	22257544	Q656317	USTC 508261		TRUE
GH1577	Poste per diverse parti del mondo	Giovanni da l'Herba	Foligno	Italian		1577	VIAF47104053				FALSE
DW1577	Ein naw reyse buechlein von der Stadt Dreßden aus durch gantz Deudschlandt einem jeden der es wandern wil nottuerfftig zu wissen auch der Keyser Koenige Chur und Fuersten geistlich und weltlich hoffeleger, desgleichen alle geschlecht der Graffen in Deutschlanden wo ein jeder gesessen	Daniel Wintzenberger	Dresden	German	Matthes Stöckel	1577	67285828		USTC 644765		TRUE
DW1578	Ein naw reyse buechlein von der stad Dreßden aus durch gantz Deudschlandt in die andern anstoessenden Koenigreichen und umbligenden lendern Sampt einem register darinnen alles ordentlich angezeiget was in jedem capittel erkleret wirdt	Daniel Wintzenberger	Dresden	German	Gimel Bergen	1578	67285828		USTC 644764		TRUE
AP1579	Le cose maravigliose dell'alma città di Romacon le poste d'Italia	Andrea Palladio	Rome	Italian	Giovanni Osmarino Gigliotto;Giovanni Gigliotti	1579	VIAF17227673	Q177692	USTC 805493		FALSE
DW1579A	Ein naw reyse buechlein von der weitberuembten Churfuerstlichen Sechsischen handelstad Leiptzig aus an die vornembsten oerter in Deudschland und etzlicher anstossenden Koenigreichen und lendern	Daniel Wintzenberger	Dresden	German	Matthes Stöckel	1579	67285828		USTC 644766		FALSE
DW1579B	Ein naw reyse buechlein von der weitberuembten Churfuerstlichen Sechsischen handelstad Leiptzig aus durch die vornembsten oerter in Deudsch land und etzlicher anstossenden Koenigreichen und lendern	Daniel Wintzenberger	Dresden	German	Gimel Bergen	1579	67285828		USTC 644768		FALSE
CE1580A	La guide des chemins pour aller et venir par tout le royaume de France revevë, augmentee et corrigee outre les precedentes impressions	Charles Estienne	Lyon	French	Benoît Rigaud	1580	VIAF116409342	Q538586	USTC 56204		FALSE
CE1580B	La guide des chemins de tous les pais de la chrestienete	Charles Estienne	Cologne	German		1580	VIAF116409342	Q538586	USTC 64523		FALSE
AP1580	Le cose maravigliose dell'alma città di Roma	Andrea Palladio	Rome	Italian	Giovanni Osmarino Gigliotto;Giovanni Gigliotti	1580	VIAF17227673	Q177692	USTC 805584		FALSE
AP1581	Le cose maravigliose dell'alma città di Romacon le poste d'Italia	Andrea Palladio	Rome	Italian	Giovanni Osmarino Gigliotto;Giovanni Gigliotti	1581	VIAF17227673	Q177692	USTC 805689		FALSE
CE1582	Nouvelle guide des chemins pour aller et venir par tous les pays et contrees du royaume de France	Charles Estienne	Paris	French		1582	VIAF116409342	Q538586	USTC 84020		FALSE
AP1582	Le cose maravigliose dell'alma città di Romacon le poste d'Italia	Andrea Palladio	Rome	Italian	Giovanni Osmarino Gigliotto;Giovanni Gigliotti	1582	VIAF17227673	Q177692	USTC 805759		FALSE
CE1583	Nouvelle guide des chemins pour aller et venir par tous les pays et contrees du royaume de France	Charles Estienne	Paris	French	Nicolas Bonfons	1583	VIAF116409342	Q538586	USTC 75088		FALSE
BR1583	La suite de la guide des chemins tant de France, d'Espagne, Italie et autre pays	Charles Estienne	Lyon	French	Benoît Rigaud	1583	47006790	Q538586	USTC 84066		FALSE
AP1584	Le cose maravigliose dell'alma città di Romacon le poste d'Italia	Andrea Palladio	Rome	Italian	Giovanni Osmarino Gigliotto;Giovanni Gigliotti	1584	VIAF17227673	Q177692	USTC 805918		FALSE
GH1585	Poste per diverse parti del mondo	Giovanni da l'Herba	Venice	Italian	Ventura Salvador	1585	VIAF47104053				FALSE
AM1585	Reportorio de caminos : Añadido el camino de Madrid a Roma	Alonso de Meneses	Zaragoza	Spanish	Portonaris	1585	VIAF49565855			634800219	FALSE
AP1585	Le cose maravigliose dell'alma città di Romacon le poste d'Italia	Andrea Palladio	Rome	Italian	Giovanni Osmarino Gigliotto;Giovanni Gigliotti	1585	VIAF17227673	Q177692	USTC 806029		FALSE
CE1586A	Nouvelle guide des chemins pour aller et venir par tous les pays et contrees du royaume de France	Charles Estienne	Paris	French	Nicolas Bonfons	1586	VIAF116409342	Q538586		OCLC315089825	TRUE
CE1586B	Nouvelle guide des chemins pour aller et venir par tous les pays et contrees du royaume de France	Charles Estienne	Paris	French	Guillaume le Noir	1586	VIAF116409342	Q538586			FALSE
GH1587	Poste per diverse parti del mondo	Giovanni da l'Herba	Lyon	French	Benoît Rigaud	1587	VIAF47104053				FALSE
AP1587A	Le cose maravigliose dell'alma città di Romacon le poste d'Italia	Andrea Palladio	Rome	Italian	Iacomo Bericchi	1587	VIAF17227673	Q177692		927704640	FALSE
AP1587B	Le cose maravigliose dell'alma città di Romacon le poste d'Italia	Andrea Palladio	Rome	Italian	Giovanni Martinelli	1587	VIAF17227673	Q177692	USTC 806234		FALSE
AP1587C	Le cose maravigliose dell'alma città di Romacon le poste d'Italia	Andrea Palladio	Rome	Italian	Tito Diani;Paolo Diani	1587	VIAF17227673	Q177692	USTC 806235		FALSE
AP1587D	Le cose maravigliose dell'alma città di Romacon le poste d'Italia	Andrea Palladio	Rome	Italian	Heirs of Giovanni Gigliotti	1587	VIAF17227673	Q177692	USTC 806236		FALSE
AP1587E	Le cose maravigliose dell'alma città di Romacon le poste d'Italia	Andrea Palladio	Venice	Italian	Fabio Zoppini;Agostino Zoppini	1587	VIAF17227673	Q177692	USTC 806233		FALSE
GH1588	Poste per diverse parti del mondo	Giovanni da l'Herba	Lyon	French	Benoît Rigaud	1588	VIAF47104053		USTC 203519		FALSE
CE1588	Nouvelle guide des chemins pour aller et venir par tous les pays et contrees du royaume de France	Charles Estienne		French		1588	VIAF116409342	Q538586			FALSE
AP1588	Le cose maravigliose dell'alma città di Roma	Andrea Palladio	Venice	Italian	Girolamo Franzini;Girolamo Francini	1588	VIAF17227673	Q177692	USTC 806359		FALSE
DW1588	Wegweiser oder Reyse Büchlein aller fürnemesten Wege und gebreuchligsten Strassen, durch gantz Deudschlandt, von einer Stadt zur andern	Daniel Wintzenberger	Dresden	German	Gimel Bergen	1588	67285828			938045078	FALSE
AP1589	Le cose meravigliose dell'alma città di Romacon le poste d'Italia	Andrea Palladio	Rome	Italian	Giovanni Martinelli	1589	VIAF17227673	Q177692	USTC 806474		FALSE
TT1591	Sommaire description de la France, Allemagne, Italie et Espagne	Théodore Turquet de Mayerne	Geneva	French	Jacob Stoer	1591	95152542	Q19032157	USTC 34437		FALSE
TT1592	Sommaire description de la France, Allemagne, Italie et Espagne	Théodore Turquet de Mayerne	Geneva	French	Jacob Stoer	1592	95152542	Q19032157	USTC 38807		FALSE
AP1594	Le cose maravigliose dell'alma città di Roma	Andrea Palladio	Venice	Italian	Girolamo Franzini;Girolamo Francini	1594	VIAF17227673	Q177692	USTC 764192		FALSE
AP1595A	Le cose maravigliose dell'alma città di Roma	Andrea Palladio	Rome	Italian	Guglielmo Facciotti;Girolamo Franzini	1595	VIAF17227673	Q177692	USTC 806966		FALSE
AP1595B	Le cose meravigliose dell'alma città di Roma	Andrea Palladio	Rome	Italian	Guglielmo Facciotti	1595	VIAF17227673	Q177692	USTC 806967		FALSE
DW1595	Ein naw reyse buechlein von der weitberuembten Churfuerstlichen Sechsischen handelstad Leiptzig aus an die vornembsten oerter in Deudschland und etzlicher anstossenden Koenigreichen und lendern Sampt einem register dorinen alles ordentlich angezeigt was in einem jeden capittel erkleret wird	Daniel Wintzenberger	Dresden	German	Gimel Bergen	1595	67285828		USTC 644767		TRUE
TT1596A	Sommaire description de la France	Théodore Turquet de Mayerne	Lyon	French		1596	95152542	Q19032157	USTC 76381		FALSE
TT1596B	Sommaire de la description de la France, avec la guide des chemins pour aller par les provinces et aux villes plus renommées	Théodore Turquet de Mayerne	Lyon	French		1596	95152542	Q19032157	USTC 51756		FALSE
CE1596	La guide des chemins France	Charles Estienne	Lyon	French	Benoît Rigaud	1596	VIAF116409342	Q538586			FALSE
GMA1596	Wegbüchlin der fürnemesten Wege und Gebreüchlichesten strasssen	Georg Mayr	Augsburg	German	Michael Manger	1596	32051795			882063697	FALSE
AP1596A	Le cose meravigliose dell'alma città di Romacon le poste d'Italia	Andrea Palladio	Rome	Italian	Camillo Franceschini	1596	VIAF17227673	Q177692	USTC 807082		FALSE
AP1596B	Le cose meravigliose dell'alma città di Roma	Andrea Palladio	Rome	Italian	Guglielmo Facciotti	1596	VIAF17227673	Q177692	USTC 807083		FALSE
LA1597	Krone und Außbundt aller Wegweiser	Lambertum Andree	Cologne	German		1597				258103334	TRUE
GH1597A	Poste per diverse parti del mondo	Giovanni da l'Herba	Venice	Italian	Domenico Imberti	1597	VIAF47104053		USTC 838116		FALSE
GH1597B	Poste per diverse parti del mondo	Giovanni da l'Herba	Rome	Italian	[Guglielmo] Facciotti	1597	VIAF47104053				FALSE
DW1597	Wegweiser oder reyse buechlein von der stad Dreszden aus der fuernemsten wege und strassen durch gantz Deudschland in viel andere staedte	Daniel Wintzenberger	Dresden	German	Gimel Bergen	1597	67285828		USTC 706270		FALSE
SAC1598	Poste d'Italia, Franza, Spagna, et Lemagna Et tutte le più notabili Fiere del Mondo	Anonymous C		Italian		1598					TRUE
GH1598A	Poste per diverse parti del mondo	Giovanni da l'Herba	Venice	Italian	Daniele Zanetti	1598	VIAF47104053				TRUE
GH1598B	Poste per diverse parti del mondo	Giovanni da l'Herba	Venice	Italian	Domenico Imberti	1598	VIAF47104053				FALSE
GH1598C	Viaggio da Venetia al Santo Sepolcro, et al monte Sinai Gionta dell Poste di diverse parti del mondo	Giovanni da l'Herba	Venice	Italian	Daniele Zanetti	1598	VIAF47104053			833879671	FALSE
DW1598	Der kramer und kauffleute reysebuechlein, von der Stadt Dreszden aus die fuernembsten wege und strassen durch das Deutschland, in viel andere staedte und anstossende Koenigreiche	Daniel Wintzenberger	Dresden	German	Gimel Bergen	1598	67285828		USTC 633856		TRUE
CE1599	Nouvelle guide des chemins pour aller et venir par tous les pays et contrees du royaume de France	Charles Estienne	Paris	French	Nicolas Bonfons	1599	VIAF116409342	Q538586			FALSE
GK1599A	Delitiae Italiae, Das ist: Eigentliche Beschreibung, was durch gantz Welschland in einer jeden Statt und Ort	Georg Kranitz	Leipzig	German		1599	47823349			603832182	TRUE
GK1599B	Delitiae Italiae, Das ist: Eigentliche Beschreibung, was durch gantz Welschland in einer jeden Statt und Ort	Georg Kranitz	Frankfurt	German		1599	47823349			163227455	FALSE
GK1599C	Eigentliche beschreibung, was durch gantz Welschland in einer jeden statt unnd ort	Georg Kranitz	Frankfurt	German		1599	47823349		USTC 632240		FALSE
GK1599D	Eigentliche beschreibung, was durch gantz Welschland in einer jeden statt unnd ort	Georg Kranitz	Leipzig	German		1599	47823349		USTC 632242		FALSE
AP1599	Le cose meravigliose dell'alma città di Roma	Andrea Palladio	Rome	Italian	Guglielmo Facciotti	1599	VIAF17227673	Q177692	USTC 807340		FALSE
CE1600	La Grande Guide des chemins pour aller et venir par tout le Royaume de France, auec les noms des fleuues et riuieres qui courent parmy les dicts pays Augmenté du voyage de Saint-Jacques, de Rome, de Venise et de Hierusalem	Charles Estienne	Rouen	French	Thomas d'Are	1600	VIAF116409342	Q538586			FALSE
GK1600A	Eigentliche beschreibung, was durch gantz Welschland in einer jeden statt unnd ort	Georg Kranitz	Cologne	German	Balthasar Clipeus	1600	47823349		USTC 632241		TRUE
GK1600B	Delitiae Italiae, Das ist: Eigentliche Beschreibung, was durch gantz Welschland in einer jeden Statt und Ort	Georg Kranitz	Cologne	German	Franz Schnellboltz	1600	47823349			635328077	FALSE
GK1600C	Eigentliche beschreibung, was durch gantz Welschland in einer jeden statt unnd ort	Georg Kranitz	Leipzig	German	Franz Schnellboltz	1600	47823349		USTC 632243		FALSE
AP1600A	Le cose maravigliose dell'alma città di Roma con le poste d'Italia di nuovo corretto & ampliato	Flaminio Primo Colle	Perugia	Italian	Pietro Giacomo Petrucci	1600	VIAF17227673	Q177692	USTC 807444		FALSE
AP1600B	Le cose meravigliose dell'alma città di Roma con le poste d'Italia di nuovo corretto & ampliato	Andrea Palladio	Rome	Italian	Guglielmo Facciotti	1600	VIAF17227673	Q177692	USTC 807447		FALSE
BR1601	La suite de la guide des chemins tant de France, d'Espagne, Italie et autre pays	Charles Estienne	Lyon	French	Benoît Rigaud	1601	47006790	Q538586		82523050	FALSE
GK1601	Delitiae Italiae, Das ist: Eigentliche Beschreibung, was durch gantz Welschland in einer jeden Statt und Ort	Georg Kranitz	Frankfurt	German	Nikolaus Basse;Melchior Hartmann	1601	47823349		USTC 2091229		TRUE
JC1602	Wegweiser auff ganz Teutschland	Johann Cristofol	Cologne	German		1602					FALSE
GK1602A	Delitiae Italiae dat is: Eyghentlijcke beschrijvinghe wat door gantsch Italien, in elcke stadt	Georg Kranitz	Arnhem	Dutch	Jan Janssen	1602	47823349		USTC 1505852		FALSE
GK1602B	Delitiae Italiae dat is: Eyghentlijcke beschrijvinghe wat door gantsch Italien, in elcke stadt	Georg Kranitz	Arnhem	Dutch	Jan Janssen	1602	47823349			892838123	TRUE
GG1602	Prodromus Germaniae: Das ist, Vorläuffer und Wegweiser aller Wegen und Strassen, so auß den vornembsten Stätten deß Teutschlands auff andere darumbherligende Stätt und Flecken, biß in Italien, Franckreich, Artois, Hennegaw, Hollandt und Brabandt	Gerhard von Goltz	Cologne	German	Wilhelm Lützenkirchen	1602				632392925	TRUE
CS1603	Allgemeiner oder General Reyßbuch und Wegweiser	Cornelius Sutor	Ursell	German		1603	161516005			813807795	FALSE
TT1604	Sommaire description de la France, Allemagne, Italie & Espagne	Théodore Turquet de Mayerne	Rouen	French	Jean Petit	1604	95152542	Q19032157	USTC 6813346		TRUE
GK1604	Delitiae Italiae, Das ist: Eigentliche Beschreibung, was durch gantz Welschland in einer jeden Statt und Ort	Georg Kranitz	Leipzig	German	Valentin am Ende;Heirs of Johann Beyer	1604	47823349		USTC 2013751		FALSE
AP1604	Le cose maravigliose dell'alma città di Roma	Andrea Palladio	Rome	Italian	Luigi Zanetti;Guglielmo Facciotti	1604	VIAF17227673	Q177692	USTC 807445		FALSE
TT1605	Sommaire description de la France, Allemagne, Italie & Espagne	Théodore Turquet de Mayerne		French	Jacob Stoer	1605	95152542	Q19032157		12620061	TRUE
AM1605	Repertorio de caminos, va añadido el camino de Madrid a Roma	Alonso de Meneses	Alcalá de Henares	Spanish	Juan Gracian	1605	VIAF49565855		USTC 5001321		TRUE
GK1605	Delitiae Italiae, Das ist: Eigentliche Beschreibung, was durch gantz Welschland in einer jeden Statt und Ort	Georg Kranitz	Cologne	German	Widow of Balthasar Clipeus	1605	47823349		USTC 2092102		FALSE
AP1606	Le cose meravigliose dell'alma città di Roma con le poste d'Italia di nuovo corretto & ampliato	Andrea Palladio	Rome	Italian	Guglielmo Facciotti	1606	VIAF17227673	Q177692	USTC 4031831		FALSE
CS1606	Allgemeiner oder General Reyßbuch und Wegweiser	Cornelius Sutor	Ursell	German		1606	161516005			634886798	FALSE
OC1608	Nuouo itinerario delle poste per tutto il mondo	Ottavio Codogno	Milan	Italian	Girolamo Bordoni	1608	17563002	Q7109117	USTC 4031068		TRUE
AP1608	Le cose maravigliose dell'alma città di Roma	Andrea Palladio	Rome	Italian	Guglielmo Facciotti	1608	VIAF17227673	Q177692	USTC 4039120		FALSE
GK1609A	Delitiae Italiae, Das ist: Eigentliche Beschreibung, was durch gantz Welschland in einer jeden Statt und Ort	Georg Kranitz	Frankfurt	German	Johan Basse;Wolfgang Richter	1609	47823349		USTC 2080168		TRUE
GK1609B	Delitiae Italiae dat is: Eyghentlijcke beschrijvinghe wat door gantsch Italien, in elcke stadt	Georg Kranitz	Arnhem	Dutch	Jan Janssen	1609	47823349		USTC 870331		FALSE
AP1609	Le cose meravigliose dell'alma città di Roma	Andrea Palladio	Rome	Italian	Giacomo Mascardi;Mauritio Bona	1609	VIAF17227673	Q177692	USTC 4034550		FALSE
BR1610	La suite de la guide des chemins tant de France, d'Espagne, Italie et autre pays	Charles Estienne	Lyon	French	Benoît Rigaud	1610	47006790	Q538586			TRUE
FS1610B	Itinerario, overo nova descrittione de' viaggi principali d'Italia	Franciscus Schottus	Venice	Italian	Francesco Bolzetta	1610		Q15675601	USTC 4022077		TRUE
OC1611	Nuouo itinerario delle poste per tutto il mondo	Ottavio Codogno	Venice	Italian	Lucio Spineda	1611	17563002	Q7109117	USTC 4028351		TRUE
TT1611	Sommaire description de la France, Allemagne, Italie & Espagne	Théodore Turquet de Mayerne	Geneva	French	Jacob Stoer	1611	95152542	Q19032157			FALSE
AP1611	Le cose meravigliose dell'alma città di Roma	Andrea Palladio	Rome	Italian	Giacomo Mascardi;Mauritio Bona	1611	VIAF17227673	Q177692	USTC 4022166		FALSE
CE1612	La Grande Guide des chemins pour aller et venir par tout le Royaume de France, auec les noms des fleuues et riuieres qui courent parmy les dicts pays Augmenté du voyage de Saint-Jacques, de Rome, de Venise et de Hierusalem	Charles Estienne	Troyes	French	Nicolas Oudot	1612	VIAF116409342	Q538586	USTC 6802197		FALSE
GMA1612	Wegbüchlin der fürnemesten Wege und Gebreüchlichesten strasssen	Georg Mayr	Augsburg	German	Franck	1612	32051795			632738652	TRUE
TT1614	Sommaire description de la France, Allemagne, Italie & Espagne	Théodore Turquet de Mayerne	Rouen	French	Claude Le Villain	1614	95152542	Q19032157	USTC 6813329		FALSE
GK1614A	Delitiae Italiae, Das ist: Eigentliche Beschreibung, was durch gantz Welschland in einer jeden Statt und Ort	Georg Kranitz	Frankfurt	German		1614	47823349			631558338	FALSE
GK1614B	Delitiae Italiae, Das ist: Eigentliche Beschreibung, was durch gantz Welschland in einer jeden Statt und Ort	Georg Kranitz	Leipzig	German	Heirs of Valentin am Ende	1614	47823349		USTC 2107953		FALSE
AP1614	Le cose maravigliose dell'alma città di Roma	Andrea Palladio	Rome	Italian	Pietro Discepolo;Mauritio Bona	1614	VIAF17227673	Q177692	USTC 4026509		FALSE
TT1615A	Sommaire description de la France	Théodore Turquet de Mayerne	Rouen	French	Claude Le Villain	1615	95152542	Q19032157	USTC 6812314		FALSE
TT1615B	Sommaire description de la France, Allemagne, Italie & Espagne	Théodore Turquet de Mayerne	Cologne	German	Jacob Stoer	1615	95152542	Q19032157		492288654	TRUE
FS1615	Itinerario, overo nova descrittione de' viaggi principali d'Italia	Franciscus Schottus	Vicenza	Italian	Francesco Bolzetta	1615		Q15675601	USTC 4024785		TRUE
OC1616	Nuouo itinerario delle poste per tutto il mondo	Ottavio Codogno	Milan	Italian	Girolamo Bordoni	1616	17563002	Q7109117	USTC 4025209		TRUE
GK1616	Paradisus Deliciarum Italiae: Das ist, Eygentliche Beschreibung, Was durch gantz Italien in allen Stett und Ortten denckwürdiges zu sehen ist : Denen so gemelte Landschafft zu besehen  ; Darbey gefügt die Raiß nach Rom: Sampt einem Bericht von der Münt	Georg Kranitz	Cologne	German	Konrad Bütgen	1616	47823349		USTC 2043310		FALSE
AP1616A	Les merveilles de la ville de Rome	Andrea Palladio	Toul	French	Simon Saint-Martel;Simon S. Martel	1616	VIAF17227673	Q177692	USTC 6805373		FALSE
AP1616B	Le cose maravigliose dell'alma città di Roma	Andrea Palladio	Rome	Italian	Giacomo Mascardi	1616	VIAF17227673	Q177692	USTC 4040923		FALSE
TT1618	Sommaire description de la France, Allemagne, Italie & Espagne	Théodore Turquet de Mayerne	Cologne	German	Jacob Stoer	1618	95152542	Q19032157		631421839	TRUE
AP1619	Le cose maravigliose dell'alma città di Roma con il viaggio di Loreto	Andrea Palladio	Rome	Italian	Giacomo Mascardi;Mauritio Bona	1619	VIAF17227673	Q177692	USTC 4029697		FALSE
OC1620	Nuouo itinerario delle poste per tutto il mondo	Ottavio Codogno	Venice	Italian	Lucio Spineda	1620	17563002	Q7109117	USTC 4004283		TRUE
GK1620	Delitiae Italiae dat is: Eyghentlijcke beschrijvinghe wat door gantsch Italien, in elcke stadt	Georg Kranitz	Arnhem	Dutch	Jan Janssen	1620	47823349		USTC 1010175		FALSE
AP1620	Le cose maravigliose dell'alma città di Roma	Andrea Palladio	Rome	Italian	Giacomo Mascardi;Mauritio Bona	1620	VIAF17227673	Q177692	USTC 4007323		FALSE
AP1621	Le cose maravigliose dell'alma città di Roma	Andrea Palladio	Rome	Italian	Giacomo Mascardi	1621	VIAF17227673	Q177692	USTC 4042042		FALSE
AM1622	Reportorio de caminos	Alonso de Meneses	Valladolid	Spanish	Widow of Francisco Fernández de Córdoba	1622	VIAF49565855		USTC 339979		FALSE
AP1622	Le cose maravigliose dell'alma città di Roma	Andrea Palladio	Rome	Italian	Guglielmo Facciotti	1622	VIAF17227673	Q177692	USTC 4004097		FALSE
FS1622	Itinerario, overo nova descrittione de' viaggi principali d'Italia	Franciscus Schottus	Vicenza	Italian	Francesco Bolzetta	1622		Q15675601	USTC 4007242		TRUE
OC1623	Compendio delle poste	Ottavio Codogno	Milan	Italian	Gio. Battista Bidelli	1623	17563002	Q7109117	USTC 4003816		TRUE
CE1623	La Grande Guide des chemins pour aller et venir par tout le Royaume de France, auec les noms des fleuues et riuieres qui courent parmy les dicts pays Augmenté du voyage de Saint-Jacques, de Rome, de Venise et de Hierusalem	Charles Estienne	Troyes	French	Nicolas Oudot	1623	VIAF116409342	Q538586			FALSE
GH1624	Poste per diverse parti del mondo	Giovanni da l'Herba	Rome	Italian	Guglielmo Facciotti	1624	VIAF47104053		USTC 4004835		FALSE
TT1624	Sommaire description de la France, Allemagne, Italie et Espagne, avec le guide des chemins et des postes	Théodore Turquet de Mayerne	Rouen	French	Claude Le Villain	1624	95152542	Q19032157	USTC 6814851		FALSE
GK1625	Paradisus deliciarum Italiae: Dass ist, Eygentliche Beschreibung, Was durch gantz Italian in allen Stett und Ortten denckwürdig zu sehen ist Mit beygefügter Reiss, Bericht der Müntz, und Täglichem Colloquio	Georg Kranitz	Cologne	German	Konrad Bütgen	1625	47823349		USTC 2166281	562944563	TRUE
GMA1625A	Wegbüchlin der fürnemesten Wege und Gebreüchlichesten strasssen	Georg Mayr	Augsburg	German		1625	32051795			166121710	TRUE
GMA1625B	Wegbüchlin der fürnemesten Wege und Gebreüchlichesten strasssen	Georg Mayr	Dillingen	German	Erhard Lochner	1625	32051795		USTC 2111097		FALSE
AP1625A	Le cose meravigliose dell'alma città di Romacon le principali poste d'Italia	Andrea Palladio	Rome	Italian	Francesco Cavalli	1625	VIAF17227673	Q177692			FALSE
AP1625B	Le cose maravigliose dell'alma città di Roma	Andrea Palladio	Rome	Italian	Giacomo Mascardi;Mauritio Bona	1625	VIAF17227673	Q177692	USTC 4043022		FALSE
AP1625C	Les merveilles de la ville de Rome	Andrea Palladio	Rome	French	Guglielmo Facciotti	1625	VIAF17227673	Q177692		886417305	FALSE
AP1625D	Le cose meravigliose dell'alma città di Romacon le principali poste d'Italia	Andrea Palladio	Rome	Italian	Lodovico Grignani	1625	VIAF17227673	Q177692		1040201620	FALSE
GH1627	Poste per diverse parti del mondo	Giovanni da l'Herba	Venice	Italian	Ghirardo Imberti	1627	VIAF47104053				FALSE
OC1628	Nuouo itinerario delle poste per tutto il mondo	Ottavio Codogno	Venice	Italian	Gerardo Imberti	1628	17563002	Q7109118	USTC 4043830		FALSE
AM1628	Reportorio o itinerario de los mas principales, y mejores caminos de España	Alonso de Meneses	Murcia	Spanish		1628	VIAF49565855		USTC 5043245		FALSE
AP1628	Les merveilles de la ville de Rome	Andrea Palladio	Rome	French	Guglielmo Facciotti	1628	VIAF17227673	Q177692	USTC 4043829		FALSE
FS1628	Itinerario, overo nova descrittione de' viaggi principali d'Italia	Franciscus Schottus	Padua	Italian	Francesco Bolzetta;Heirs of Domenico Amadio	1628		Q15675601	USTC 4043803		TRUE
TT1629	Sommaire description de la France, Allemagne, Italie & Espagne	Théodore Turquet de Mayerne	Rouen	French	Claude Le Villain	1629	95152542	Q19032157	USTC 6813538		TRUE
AP1629	Le cose maravigliose dell'alma città di Romacon le poste d'Italia	Andrea Palladio	Rome	Italian	Guglielmo Facciotti	1629	VIAF17227673	Q177692		24813235	FALSE
FS1629	Itinerario, overo nova descrittione de' viaggi principali d'Italia	Franciscus Schottus	Padua	Italian	Francesco Bolzetta;Heirs of Domenico Amadio	1629		Q15675601	USTC 4043803		FALSE
AP1634	Le cose maravigliose dell'alma città di Roma	Andrea Palladio	Rome	Italian	Francesco Cavalli	1634	VIAF17227673	Q177692	USTC 4045368		FALSE
AM1636	Reportorio de caminos, va añadido el camino de Madrid a Roma	Alonso de Meneses	Barcelona	Spanish	Gracian	1636	VIAF49565855			968778383	FALSE
AP1636	Le cose maravigliose dell'alma città di Romacon le principali poste d'Italia	Andrea Palladio	Rome	Italian	Francesco Cavalli;Mauritio Bona	1636	VIAF17227673	Q177692	USTC 4008748		FALSE
AP1637	Le cose maravigliose dell'alma città di Roma	Andrea Palladio	Rome	Italian	Vitale Mascardi;Mauritio Bona	1637	VIAF17227673	Q177692	USTC 4012602		FALSE
FS1637	Itinerario, overo nova descrittione de' viaggi principali d'Italia	Franciscus Schottus	Rome	Italian		1637		Q15675601			FALSE
FS1638	Itinerario, overo nova descrittione de' viaggi principali d'Italia	Franciscus Schottus	Vicenza	Italian	Francesco Bolzetta;Heirs of Domenico Amadio	1638		Q15675601	USTC 4013438		FALSE
GH1639	Poste per diverse parti del mondo	Giovanni da l'Herba	Rome	Italian	Antonio Landini	1639	VIAF47104053		USTC 4013419		FALSE
AP1639	Le cose meravigliose dell'alma città di Romacon le principali poste d'Italia	Andrea Palladio	Rome	Italian	Antonio Landini	1639	VIAF17227673	Q177692	USTC 4047079		FALSE
AP1640	Le cose maravigliose di Roma	Anonymous D	Rome	Italian	Guglielmo Facciotti	1640	VIAF17227673	Q177692			TRUE
TT1640	Sommaire description de la France	Théodore Turquet de Mayerne	Rouen	French	Claude Le Villain	1640	95152542	Q19032157	USTC 6811595		FALSE
JW1641	The European Mercury Describing the Highwayes and Stages from Place to Place	J.W. Gent	London	English	John Raworth;Henry Twyford	1641	2817651	Q6144967	USTC 3052337		TRUE
TT1642	Sommaire description de la France	Théodore Turquet de Mayerne	Rouen	French	Clement Malassis	1642	95152542	Q19032157	USTC 6811995		FALSE
AP1642	Le cose maravigliose dell'alma città di Romacon le principali poste d'Italia	Andrea Palladio	Rome	Italian	[Mauritio?] Bona	1642	VIAF17227673	Q177692		887015766	TRUE
FS1642	Itinerario, overo nova descrittione de' viaggi principali d'Italia	Franciscus Schottus	Padua	Italian	Francesco Bolzetta	1642		Q15675601	USTC 4037045		FALSE
FS1643	Itinerario, overo nova descrittione de' viaggi principali d'Italia	Franciscus Schottus	Padua	Italian	Francesco Bolzetta	1643		Q15675601	USTC 4037045		TRUE
AP1637	Le cose maravigliose dell'alma città di Roma	Andrea Palladio	Rome	Italian	Vitale Mascardi	1644	VIAF17227673	Q177692	USTC 4047958		FALSE
AP1646A	Le cose maravigliose dell'alma città di Romacon le principali poste d'Italia	Andrea Palladio	Rome	Italian	Vitale Mascardi;Antonio Maria Gioiosi	1646	VIAF17227673	Q177692	USTC 4048281		FALSE
AP1646B	Les merveilles de la ville de Rome	Andrea Palladio	Rome	French	Mario Catalani	1646	VIAF17227673	Q177692		13296870	FALSE
SAA1647	Poste diverse d'Italia, Alemagna, Spagna, e Francia	Anonymous A	Milan	Italian		1647				927053198	FALSE
AP1648	Cose maravigliose dell'alma citta di Roma con le principali poste d'Italia	Andrea Palladio	Rome	Italian	Antonio Maria Gioiosa;[Mario] Catalani	1648	VIAF17227673	Q177692			FALSE
FS1648	Itinerario, overo nova descrittione de' viaggi principali d'Italia	Franciscus Schottus	Padua	Italian	Francesco Bolzetta;Giulio Crivellari	1648		Q15675601	USTC 4020977		FALSE
FS1649	Itinerario, overo nova descrittione de' viaggi principali d'Italia	Franciscus Schottus	Padua	Italian	Francesco Bolzetta;Giulio Crivellari	1649		Q15675601	USTC 4020977		TRUE
AM1650	Reportorio o itinerario de los mas principales, y mejores caminos de España	Alonso de Meneses	Madrid	Spanish	Juan de Valdés	1650	VIAF49565855		USTC 5035347		TRUE
CE1650	La Grande Guide des chemins pour aller et venir par tout le Royaume de France, auec les noms des fleuues et riuieres qui courent parmy les dicts pays Augmenté du voyage de Saint-Jacques, de Rome, de Venise et de Hierusalem	Charles Estienne	Blois	French		1650	VIAF116409342	Q538586			TRUE
AP1650A	Le cose maravigliose dell'alma città di Roma	Andrea Palladio	Rome	Italian	Giacomo Fei;Antonio Maria Gioiosi	1650	VIAF17227673	Q177692	USTC 4020917		FALSE
AP1650B	Le cose maravigliose dell'alma città di Roma	Andrea Palladio	Rome	Italian	Giovanni Battista Robletti;Antonio Maria Gioiosi	1650	VIAF17227673	Q177692	USTC 4048847		FALSE
FS1650	Itinerario, overo nova descrittione de' viaggi principali d'Italia	Franciscus Schottus	Rome	Italian	Filippo Rossi	1650		Q15675601	USTC 4018585		TRUE
GH1653	Poste per diverse parti del mondo	Giovanni da l'Herba	Venice	Italian	Milochi	1653	VIAF47104053				FALSE
FS1654	Itinerario, overo nova descrittione de' viaggi principali d'Italia	Franciscus Schottus	Padua	Italian	Matteo Cadorin	1654		Q15675601		1154377948	TRUE
GS1655	Le voyage de France, dressé pour l'instruction & commodité des François & Estrangers : Avec une description des Chemins, pour aller & venir par tout le Monde	Gilbert-Saulnier du Verdier	Paris	French	Michel Bobin	1655	VIAF12471475	Q19560568		953336959	TRUE
FS1655	Itinerario, overo nova descrittione de' viaggi principali d'Italia	Franciscus Schottus	Amsterdam	Italian		1655		Q15675601			FALSE
GS1657	Le voyage de France, dressé pour l'instruction & commodité des François & Estrangers : Avec une description des Chemins, pour aller & venir par tout le Monde	Gilbert-Saulnier du Verdier	Paris	French	Michel Bobin	1657	VIAF12471475	Q19560568		1014603870	FALSE
GK1657	Paradisus deliciarum Italiae: Dass ist, Eygentliche Beschreibung, Was durch gantz Italian in allen Stett und Ortten denckwürdig zu sehen ist Mit beygefügter Reiss, Bericht der Müntz, und Täglichem Colloquio	Georg Kranitz	Würzburg	German	Johann Jobst Hertz;Johann Bencard	1657	47823349			934223686	TRUE
FS1658	Itinerario, overo nova descrittione de' viaggi principali d'Italia	Franciscus Schottus	Padua	Italian	Matteo Cadorin	1658		Q15675601		643345653	TRUE
FS1659	Itinerario, overo nova descrittione de' viaggi principali d'Italia	Franciscus Schottus	Padua	Italian	Matteo Cadorin	1659		Q15675601		643345653	TRUE
GH1660	Poste per diverse parti del mondo	Giovanni da l'Herba	Venice	Italian	F. Ginami	1660	VIAF47104053				FALSE
GS1662A	Le voyage de France, dressé pour l'instruction & commodité des François & Estrangers : Avec une description des Chemins, pour aller & venir par tout le Monde	Gilbert-Saulnier du Verdier	Lyon	French	Claude La Rivière	1662	VIAF12471475	Q19560568			FALSE
GS1662B	Le voyage de France, dressé pour l'instruction & commodité des François & Estrangers : Avec une description des Chemins, pour aller & venir par tout le Monde	Gilbert-Saulnier du Verdier	Paris	French	Michel Bobin;Nicolas le Gras	1662	VIAF12471475	Q19560568		320744568	TRUE
GS1663	Le voyage de France, dressé pour l'instruction & commodité des François & Estrangers : Avec une description des Chemins, pour aller & venir par tout le Monde	Gilbert-Saulnier du Verdier	Paris	French	Michel Bobin;Nicolas le Gras	1663	VIAF12471475	Q19560568		257736147	TRUE
AP1663	Les merveilles de la ville de Rome deplus la Guide des Chemins pour aller a Rome, & de Rome a Notre-Dame de Lorette	Andrea Palladio	Rouen	French	Laurens Machuel	1663	VIAF17227673	Q177692		886417335	FALSE
GS1665	Le voyage de France, dressé pour l'instruction & commodité des François & Estrangers : Avec une description des Chemins, pour aller & venir par tout le Monde	Gilbert-Saulnier du Verdier	Paris	French	Michel Bobin	1665	VIAF12471475	Q19560568		458409991	FALSE
GK1665	Delicye Zięmie Włoskiey Albo Prawdziwe y istotne Opisanie, co tylko we Włoskich Kraiach, po Walnych a Głownych Miastach  znayduie się Rarites	Georg Kranitz	Krakow	Polish	V Schedlow	1665	47823349			1077377539	TRUE
FS1665	Itinerario, overo nova descrittione de' viaggi principali d'Italia	Franciscus Schottus	Venice	Italian	Gio. Pietro Brigonci	1665		Q15675601		492672108	TRUE
OC1666	Nuouo itinerario delle poste per tutto il mondo	Ottavio Codogno	Venice	Italian	Giacomo Zattoni	1666	17563002	Q7109119			TRUE
GS1667	Le voyage de France, dressé pour l'instruction & commodité des François & Estrangers : Avec une description des Chemins, pour aller & venir par tout le Monde	Gilbert-Saulnier du Verdier	Lyon	French	Claude La Rivière	1667	VIAF12471475	Q19560568		1064462756	FALSE
FS1669	Itinerarium Italiae			Latin		1669		Q15675601		636393690	FALSE
FS1670	Itinerarium Italiae	Franciscus Schottus	Wesel	German		1670		Q15675601		985413695	TRUE
FS1670	Itinerario, overo nova descrittione de' viaggi principali d'Italia	Franciscus Schottus	Padua	Italian	Matteo Cadorin	1670		Q15675601		1167236058	TRUE
AP1671	Les merveilles de la ville de Rome adioute la Guide des chemins de Rome aux principales Ville d'Italie le voyage de S Iacques en Galice	Andrea Palladio	Rome	French	Mascardi	1671	VIAF17227673	Q177692		179034840	FALSE
FS1672	Itinerario, overo nova descrittione de' viaggi principali d'Italia	Franciscus Schottus	Venice	Italian	Gio. Pietro Brigonci	1672		Q15675601		954944399	TRUE
GH1673	Poste per diverse parti del mondo	Giovanni da l'Herba	Viterbo	Italian	Iacomo Libraro	1673	VIAF47104053				FALSE
GS1673	Le voyage de France, dressé pour l'instruction & commodité des François & Estrangers : Avec une description des Chemins, pour aller & venir par tout le Monde	Gilbert-Saulnier du Verdier	Paris	French	Michel Bobin;Nicolas le Gras	1673	VIAF12471475	Q19560568		504423078	TRUE
JE1673	Richtiger Wegweiser, der fürnehmsten Wege und gebräuchlichsten Strassen, durch gantz Teutschland, wie auch andere angräntzende fürnehmste Oerter	Johann Ludolf Ebel	Hildesheim	German	Albrecht Weißkopff	1673	15949210			1099577305	FALSE
GH1675	Poste per diverse parti del mondo	Giovanni da l'Herba	Rome	Italian	Giuseppe Piccini	1675	VIAF47104053				FALSE
SAE1675	Poste, o viaggi da Venetia per diverse parti del mondo	Anonymous E	Bassano	Italian	Remondini	1675					FALSE
JL1675	Richtiger Wegweiser/ Durch gantz Teutschland/ Franckreich und Italien : Allen Kauff-Handels- und Wanders-Leuten zu Nutz und Dienst in diß bequeme Format zusammen getragen Sampt 4 Land-karten/	J Linck		Eyghentlijcke beschrijvinghe wat door gantsch Italien, in elcke stadt		1675				257384789	FALSE
FS1675	Itinerario, overo nova descrittione de' viaggi principali d'Italia	Franciscus Schottus	Venice	Italian	Gio. Pietro Brigonci	1675		Q15675601			TRUE
OC1676	Nuouo itinerario delle poste per tutto il mondo	Ottavio Codogno	Venice	Italian	Stefano Curti	1676	17563002	Q7109120			TRUE
AP1676	Les merveilles de la ville de Rome	Andrea Palladio	Rome	French	Mascardi	1676	VIAF17227673	Q177692		762989545	FALSE
JL1678	Richtiger Wegweiser/ Durch gantz Teutschland/ Franckreich und Italien : Allen Kauff-Handels- und Wanders-Leuten zu Nutz und Dienst in diß bequeme Format zusammen getragen Sampt 4 Land-karten/	J Linck	Leipzig	German	Christoff Klingern	1678				1133576947	TRUE
AM1679	Reportorio o itinerario de los mas principales, y mejores caminos de España	Alonso de Meneses	Zaragoza	Spanish		1679	VIAF49565855			472259849	TRUE
GS1679A	Le voyage de France, dressé pour l'instruction & commodité des François & Estrangers : Avec une description des Chemins, pour aller & venir par tout le Monde	Gilbert-Saulnier du Verdier	Lyon	French	C. La Rouche	1679	VIAF12471475	Q19560568		878166862	FALSE
GS1679B	Le voyage de France, dressé pour l'instruction & commodité des François & Estrangers : Avec une description des Chemins, pour aller & venir par tout le Monde	Gilbert-Saulnier du Verdier	Lyon	French	Mathieu Libéral	1679	VIAF12471475	Q19560568		458409999	FALSE
GS1679C	Le voyage de France, dressé pour l'instruction & commodité des François & Estrangers : Avec une description des Chemins, pour aller & venir par tout le Monde	Gilbert-Saulnier du Verdier	Lyon	French	Esprit Vitalis	1679	VIAF12471475	Q19560568		991594030	FALSE
GS1679D	Le voyage de France, dressé pour l'instruction & commodité des François & Estrangers : Avec une description des Chemins, pour aller & venir par tout le Monde	Gilbert-Saulnier du Verdier	Lyon	French	A. Moulin	1679	VIAF12471475	Q19560568		877134544	FALSE
CE1679	La Grande Guide des chemins pour aller et venir par tout le Royaume de France, auec les noms des fleuues et riuieres qui courent parmy les dicts pays Augmenté du voyage de Saint-Jacques, de Rome, de Venise et de Hierusalem	Charles Estienne	Paris	French	Petri di Mey	1679	VIAF116409342	Q538586			TRUE
JE1680	Richtiger Wegweiser, der fürnehmsten Wege und gebräuchlichsten Strassen, durch gantz Teutschland, wie auch andere angräntzende fürnehmste Oerter	Johann Ludolf Ebel	Augsburg	German	Leonhard Zacharias	1680	15949210			258183965	TRUE
ER1680	Richtiger Wegweiser, durch Teutschland, wie auch andern angräntzenden Ländern	Eberhard Rudolph Roth	Ulm	German	Matthäus Wagner	1680				1034025556	FALSE
FS1680	Itinerario, overo nova descrittione de' viaggi principali d'Italia	Franciscus Schottus	Padua	Italian		1680		Q15675601			FALSE
GM1682A	Il burattino veridico, overo, Instruzione generale per chi viaggia	Giuseppe Miselli	Rome	Italian	Michel'Ercole	1682				954852482	FALSE
GM1682B	Il burattino veridico, overo, Instruzione generale per chi viaggia	Giuseppe Miselli	Rome	Italian	Nicolò L’hullié Libraro	1682					FALSE
AP1682	Les merveilles de la ville de Rome adioute la Guide des chemins de Rome aux principales Ville d'Italie le voyage de S Iacques en Galice	Andrea Palladio	Rome	French	Michel Hercule	1682	VIAF17227673	Q177692		886417338	FALSE
ER1682	Richtiger Wegweiser, durch Teutschland, wie auch andern angräntzenden Ländern	Eberhard Rudolph Roth	Ulm	German	Matthäus Wagner	1682				5381444	FALSE
GM1684	Il burattino veridico, overo, Instruzione generale per chi viaggia	Giuseppe Miselli	Rome	Italian	Nicolò L’hullié Libraro	1684				1169473114	TRUE
GS1685	Le voyage de France, dressé pour l'instruction & commodité des François & Estrangers : Avec une description des Chemins, pour aller & venir par tout le Monde	Gilbert-Saulnier du Verdier	Lyon	French	Mathieu Libéral	1685	VIAF12471475	Q19560568		55861717	FALSE
GM1685	Il burattino veridico, overo, Instruzione generale per chi viaggia	Giuseppe Miselli	Venice	Italian	Combi e La Noù	1685				457956177	TRUE
ER1685	Richtiger Wegweiser, durch Teutschland, wie auch andern angräntzenden Ländern	Eberhard Rudolph Roth	Ulm	German	Matthäus Wagner	1685				941091368	FALSE
GM1686	Il burattino veridico, overo, Instruzione generale per chi viaggia	Giuseppe Miselli	Bologna	Italian	La Stamperia del Longhi	1686					FALSE
AP1686	Les merveilles de la ville de Rome adioute la Guide des chemins de Rome aux principales Ville d'Italie le voyage de S Iacques en Galice	Andrea Palladio	Rome	French	François Tizzoni	1686	VIAF17227673	Q177692		33135241	FALSE
GS1687	Le voyage de France, dressé pour l'instruction & commodité des François & Estrangers : Avec une description des Chemins, pour aller & venir par tout le Monde	Gilbert-Saulnier du Verdier	Paris	French	Nicolas Gras	1687	VIAF12471475	Q19560568		764026514	FALSE
GK1687	Delicye Zięmie Włoskiey Albo Prawdziwe y istotne Opisanie, co tylko we Włoskich Kraiach, po Walnych a Głownych Miastach  znayduie się Rarites	Georg Kranitz	Krakow	Polish	V Schedlow	1687	47823349			1010855150	TRUE
GM1687	Gründlicher Unterricht Vor Reisende in Europa In einer Beschreibung dessen Reiche/ Provintzien und Städte	Giuseppe Miselli	Leipzig	German	Christian Coelii	1687				935030836	TRUE
FS1687	Itinerario, overo nova descrittione de' viaggi principali d'Italia	Franciscus Schottus	Padua	Italian	Giacomo Cadorino	1687		Q15675601		1106170752	FALSE
JL1688	Richtiger Wegweiser/ Durch gantz Teutschland/ Franckreich und Italien : Allen Kauff-Handels- und Wanders-Leuten zu Nutz und Dienst in diß bequeme Format zusammen getragen Sampt 4 Land-karten/	J Linck	Leipzig	German	Christoff Klingern	1688				1020678385	FALSE
GM1688	Il burattino veridico, overo, Instruzione generale per chi viaggia	Giuseppe Miselli	Bologna	Italian	La Stamperia del Longhi	1688				954947194	FALSE
ER1688	Richtiger Wegweiser, durch Teutschland, wie auch andern angräntzenden Ländern	Eberhard Rudolph Roth	Ulm	German	Matthäus Wagner	1688				778318374	FALSE
FS1689	Itinerario, overo nova descrittione de' viaggi principali d'Italia	Franciscus Schottus	Unknown	Italian		1689		Q15675601			FALSE
GH1690	Poste per diverse parti del mondo	Giovanni da l'Herba	Unknown	Italian		1690	VIAF47104053				FALSE
TT1690	Sommaire description de la France, Allemagne, Italie & Espagne	Théodore Turquet de Mayerne	Rouen	French	Claude Le Villain	1690	95152542	Q19032157		32445826	FALSE
GM1690	Il burattino veridico, overo, Instruzione generale per chi viaggia	Giuseppe Miselli	Venice	Italian	La Stamperia del Longhi	1690				457956185	FALSE
AP1690	Les merveilles de la ville de Rome adioute la Guide des chemins de Rome aux principales Ville d'Italie le voyage de S Iacques en Galice	Andrea Palladio	Rome	French	Jean François de Buagni	1690	VIAF17227673	Q177692		1040149251	FALSE
ER1693	Richtiger Wegweiser, durch Teutschland, wie auch andern angräntzenden Ländern	Eberhard Rudolph Roth	Ulm	German	Matthäus Wagner	1693				837200872	FALSE
GM1697	Il burattino veridico, overo, Instruzione generale per chi viaggia	Giuseppe Miselli	Venice	Italian	La Noù e Compagni	1697				444070915	FALSE
GM1699A	Il burattino veridico, overo, Instruzione generale per chi viaggia	Giuseppe Miselli	Bologna	Italian	La Stamperia del Longhi	1699				886447587	FALSE
GM1699B	Il burattino veridico, overo, Instruzione generale per chi viaggia	Giuseppe Miselli	Bologna	Italian	La Stamperia del Longhi	1699					FALSE
GH1700	Poste per diverse parti del mondo	Giovanni da l'Herba	Rome	Italian		1700	VIAF47104053				FALSE
FS1700	Itinerario d'Italia	Franciscus Schottus	Rome	Italian	Michel'Angelo;Rossi	1700		Q15675601		1106170813	TRUE
PL1703	Die vornehmsten Europäischen Reisen	Peter Ambrosius Lohmann	Hamburg	German	Benjamin Schiller;Benjamin Schillern	1703		Q90382406		934762848	TRUE
GH1705	Poste per diverse parti del mondo	Giovanni da l'Herba	Milan	Italian	Giuseppe Marelli	1705	VIAF47104053				FALSE
PL1706	Die vornehmsten Europäischen Reisen	Peter Ambrosius Lohmann	Hamburg	German	Widow of Benjamin Schiller;Conrad Neumann	1706		Q90382406		56864000	FALSE
PL1708	Die vornehmsten Europäischen Reisen	Peter Ambrosius Lohmann	Hamburg	German		1708		Q90382406			FALSE
PL1709	Die Vornehmsten Europæischen Reisen	Peter Ambrosius Lohmann	Hamburg	German	Conrad Neumann	1709		Q90382406		258480524	TRUE
JE1712	Richtiger Wegweiser, der fürnehmsten Wege und gebräuchlichsten Strassen, durch gantz Teutschland, wie auch andere angräntzende fürnehmste Oerter	Johann Ludolf Ebel	Augsburg	German	Johann Christoph Wagner	1712				839124270	FALSE
PL1713	Die Vornehmsten Europæischen Reisen	Peter Ambrosius Lohmann	Hamburg	German	Widow of Benjamin Schiller;Christian Albrecht Pfeiffern	1713		Q90382406		718574817	FALSE
FS1717	Itinerario d'Italia	Franciscus Schottus	Rome	Italian		1717		Q15675601		319745315	FALSE
GV1718	Il viaggio in pratica	Giovan Maria Vidari	Venice	Italian	Luigi Pavino	1718					FALSE
AP1718	Les merveilles de la ville de Rome adioute la Guide des chemins de Rome aux principales Ville d'Italie le voyage de S Iacques en Galice	Andrea Palladio	Rome	French	Bernabò;Barnabo	1718	VIAF17227673	Q177692		81481442	FALSE
GV1720	Il viaggio in pratica	Giovan Maria Vidari	Naples	Italian	Francesco Ricciardo	1720					TRUE
PL1724	Die vornehmsten Europäischen Reisen	Peter Ambrosius Lohmann	Hamburg	German	Johann Cristoph Kißner;J.C. Kissner	1724		Q90382406		163298171	FALSE
GH1725	Poste per diverse parti del mondo	Giovanni da l'Herba	Lucca	Italian		1725	VIAF47104053				FALSE
AP1725	Les merveilles de la ville de Rome adioute la Guide des chemins de Rome aux principales Ville d'Italie le voyage de S Iacques en Galice	Andrea Palladio	Rome	French	Bernabò;Barnabo	1725	VIAF17227673	Q177692		28786133	FALSE
PL1729A	Die vornehmsten Europäischen Reisen	Peter Ambrosius Lohmann	Hamburg	German	Widow of Benjamin Schiller	1729		Q90382406			TRUE
PL1729B	Die vornehmsten Europäischen Reisen	Peter Ambrosius Lohmann	Hamburg	German	Johann Cristoph Kißner;J.C. Kissner	1729		Q90382406		457960895	FALSE
GV1730	Il viaggio in pratica	Giovan Maria Vidari	Venice	Italian	Luigi Pavino	1730					FALSE
AP1730	Les merveilles de la ville de Rome adioute la Guide des chemins de Rome aux principales Ville d'Italie le voyage de S Iacques en Galice	Andrea Palladio	Rouen	French	Jean Oursel l'Aîné	1730	VIAF17227673	Q177692		921513699	FALSE
PL1736	Die vornehmsten Europäischen Reisen	Peter Ambrosius Lohmann	Hamburg	German	Johann Cristoph Kißner	1736				837943189	FALSE
GH1739	Notizie della Santa Casa della Gran Madre di Dio Maria Vergine adorata in Loreto  con l'aggiunta in questa nuova impressione di alcune orazioni, e delle poste de' viaggi per diverse parti del mondo	Giovanni da l'Herba	Ancona	Italian	N. Bellelli	1739	VIAF47104053				FALSE
PL1741	Die vornehmsten Europäischen Reisen	Peter Ambrosius Lohmann	Hamburg	German	Cristian Herold	1741				886269675	FALSE
PC1741	Itinerario de las correras de posta de dentro, y fuera del Reyno: que contiene también  las Leyes, y priuilegios con que se gobiernan en España las Postas	Pedro Rodriguez Campomanes	Madrid	Spanish	Antonio Pérez de Soto	1741		Q19471481		319867432	FALSE
GV1742	Il viaggio in pratica	Giovan Maria Vidari	Venice	Italian	Luigi Pavino	1742					FALSE
FS1747	Itinerario d'Italia	Franciscus Schottus	Rome	Italian	Fausto Amadei	1747		Q15675601		78710314	TRUE
FS1761	Itinerario d'Italia	Franciscus Schottus	Rome	Italian	Fausto Amadei	1761					TRUE
GHSD	Poste per diverse parti del mondo	Giovanni da l'Herba	Rome	Italian	Casaletti	SD	VIAF47104053			258223884	FALSE
